{
  "0": [50.602783056213475, 36.61509644183513],
  "1": [50.600417739816386, 36.5951671488685],
  "2": [50.61421851147278, 36.59846366268205],
  "3": [50.61159905657117, 36.57674031676841],
  "4": [50.62074344474807, 36.58112504070138],
  "5": [50.59114801287256, 36.57707943917742],
  "6": [50.565770268058294, 36.551162906653715],
  "7": [50.60542860801468, 36.559704945438035],
  "8": [50.61968749567931, 36.56386453769933],
  "9": [50.64019381614596, 36.56240185781362]
}